video_id,filename,category,sub_category,upload_date,source_type,creator_id,title,tags,is_monetizable,visibility,notes
vid001,20241202_comedy_achal123_funny-bite-v1.mp4,comedy,standup,2024-12-02,uploaded,achal123,"Funny Bite","comedy,short,viral",yes,published,"approved by ops"
vid002,20241201_music_priya456_cover-song-v1.mp4,music,cover,2024-12-01,uploaded,priya456,"Amazing Cover Song","music,cover,trending",yes,published,"high quality"
vid003,embed_20241130_youtube_XYzAbc123_studio789.json,trailers,bollywood,2024-11-30,youtube,studio789,"Movie Trailer 2024","trailer,bollywood,action",yes,published,"embed verified"
vid004,20241129_creator-reels_rahul234_daily-vlog-v1.mp4,creator-reels,vlog,2024-11-29,uploaded,rahul234,"Daily Vlog #45","vlog,daily,lifestyle",yes,published,"good engagement"
vid005,embed_20241128_instagram_AbC123xyz_neha567.json,comedy,sketch,2024-11-28,instagram,neha567,"Comedy Sketch","comedy,sketch,funny",yes,published,"viral potential"